"Page URL with Title too long ","Page depth"
"https://mealcoreai.com/blog/type2-diabetes-reversal-indian-diet","2"
"https://mealcoreai.com/blog/ai-meal-planning-personalised-nutrition","2"
"https://mealcoreai.com/blog/complete-guide-indian-diet-health-conditions","2"
"https://mealcoreai.com/blog/maharashtrian-diet-plan-health","2"
"https://mealcoreai.com/blog/thyroid-weight-gain-diet","2"
"https://mealcoreai.com/blog/ragi-benefits-diabetes","2"
"https://mealcoreai.com/blog/vrat-diet-plan-india","2"
"https://mealcoreai.com/blog/pcos-fertility-diet-india","2"
"https://mealcoreai.com/pregnancy-meal-plan","1"
"https://mealcoreai.com/pcos-meal-plan","1"
"https://mealcoreai.com/thyroid-diet-plan","1"
"https://mealcoreai.com/kids-meal-plan","1"
"https://mealcoreai.com/diabetes-meal-plan","1"
